target,task,model,validation_macro_f1,test_accuracy,test_macro_f1,test_mae
overall,polarity,Naive Bayes counts 1-2,0.7288512773640905,0.8450212128774645,0.7128010993524935,
overall,polarity,SVM counts 1-2,0.7060474353549994,0.8567506862989768,0.705967101858111,
overall,polarity,SVM counts 2-3,0.6655050703578601,0.8435238332917394,0.6699619457225411,
overall,polarity,SVM TF-IDF 1-2,0.7262430052853585,0.8699775393062141,0.7261918319228712,
overall,polarity,Majority baseline,0.28807522439093886,0.7728974294983778,0.2906343843843844,
overall,rating,Naive Bayes counts 1-2,0.5472583798216479,0.6441227851260295,0.5652286978494809,0.4042924881457449
overall,rating,SVM counts 1-2,0.5107827654742882,0.6009483404042925,0.5141466867817901,0.45994509608185674
overall,rating,SVM counts 2-3,0.4724995506188371,0.5837284751684552,0.4842052171058461,0.5006239081607188
overall,rating,SVM TF-IDF 1-2,0.5411287415055542,0.6271524831544797,0.5475050744162063,0.41776890441726977
overall,rating,Ridge regression TF-IDF,0.3306389812319246,0.518842026453706,0.32434210631967614,0.5742190632763888
overall,rating,Majority baseline,0.1197891036906854,0.4344896431245321,0.12115518441196937,0.9391065635138508
rooms,polarity,Naive Bayes counts 1-2,0.6340410186906947,0.7953581232842526,0.6633590108357263,
rooms,polarity,SVM counts 1-2,0.6329565714244999,0.7883703518842027,0.6300929301194521,
rooms,polarity,SVM counts 2-3,0.6098955562571466,0.7821312702770152,0.609466651254627,
rooms,polarity,SVM TF-IDF 1-2,0.6557875486226835,0.8088345395557774,0.6547145088989905,
rooms,polarity,Majority baseline,0.28137837707215696,0.7354629398552534,0.2825232480107372,
rooms,rating,Naive Bayes counts 1-2,0.4805165756409509,0.563513850761168,0.4705724604999693,0.5210880958322935
rooms,rating,SVM counts 1-2,0.44586202883156717,0.5155977040179686,0.4325100148846744,0.5962066383828301
rooms,rating,SVM counts 2-3,0.4216929063155589,0.5106064387322187,0.4234099839805715,0.6196655852258548
rooms,rating,SVM TF-IDF 1-2,0.4731330887352508,0.5515348140753681,0.4606036372780678,0.5460444222610432
rooms,rating,Ridge regression TF-IDF,0.27933674093129957,0.46119291240329424,0.282080937988318,0.6420586301316419
rooms,rating,Majority baseline,0.11765539224366921,0.4314948839530821,0.1205718270571827,0.9700524082855003
location,polarity,Naive Bayes counts 1-2,0.4809148311081845,0.8165710007486898,0.5130368465386829,
location,polarity,SVM counts 1-2,0.44345535441328465,0.841776890441727,0.4555415334830797,
location,polarity,SVM counts 2-3,0.4097800317285126,0.8435238332917394,0.41827429524914167,
location,polarity,SVM TF-IDF 1-2,0.4524869297757901,0.8587471924132768,0.46146431967731744,
location,polarity,Majority baseline,0.31235555555555555,0.8692288495133517,0.31001335113484646,
location,rating,Naive Bayes counts 1-2,0.323460046554845,0.6256551035687546,0.34285175859760847,0.47666583478911906
location,rating,SVM counts 1-2,0.293007855681923,0.605690042425755,0.3223968869252646,0.5018717244821562
location,rating,SVM counts 2-3,0.26907654387791,0.60019965061143,0.28665046456781085,0.5165959570751185
location,rating,SVM TF-IDF 1-2,0.3171339523396669,0.6239081607187422,0.3100872022299384,0.480159720489144
location,rating,Ridge regression TF-IDF,0.23700217037815174,0.5627651609683054,0.23231298396647385,0.5662171127819452
location,rating,Majority baseline,0.1540644763226901,0.6311454953830796,0.1547735618115055,0.5540304467182431
value,polarity,Naive Bayes counts 1-2,0.6257209794755768,0.7654105315697529,0.6314978234067516,
value,polarity,SVM counts 1-2,0.5986852224911822,0.7476915398053406,0.5941663899783712,
value,polarity,SVM counts 2-3,0.5679332293098375,0.7374594459695533,0.5663375220575787,
value,polarity,SVM TF-IDF 1-2,0.6284640671489102,0.7711504866483654,0.6169656121310662,
value,polarity,Majority baseline,0.27879141731134144,0.721237833790866,0.27934850901358077,
value,rating,Naive Bayes counts 1-2,0.44869400792941116,0.5170950836036935,0.4595833768609097,0.59121537309708
value,rating,SVM counts 1-2,0.4035847748020861,0.46942850012478166,0.40429319976485933,0.6685799850262042
value,rating,SVM counts 2-3,0.3838869761487056,0.46144247566758173,0.3862482455140657,0.6880459196406289
value,rating,SVM TF-IDF 1-2,0.43836664200483977,0.4948839530821063,0.42402010504986387,0.6224107811330172
value,rating,Ridge regression TF-IDF,0.2506414569326253,0.4145245819815323,0.24778303905878768,0.6881645457676827
value,rating,Majority baseline,0.11328897680273334,0.4070376840529074,0.1157147924796027,1.0227102570501623
cleanliness,polarity,Naive Bayes counts 1-2,0.6200155634323458,0.8337908659845271,0.6264128614923982,
cleanliness,polarity,SVM counts 1-2,0.5914144236673805,0.8470177189917644,0.6007247104891101,
cleanliness,polarity,SVM counts 2-3,0.5682414458528403,0.8410282006488645,0.567819356558229,
cleanliness,polarity,SVM TF-IDF 1-2,0.6366206754310213,0.8637384576990267,0.6238730632484746,
cleanliness,polarity,Majority baseline,0.3032955011623137,0.8260544047916146,0.3015807935857136,
cleanliness,rating,Naive Bayes counts 1-2,0.4128794006297068,0.6126778138258049,0.44997723486175606,0.47516845520339407
cleanliness,rating,SVM counts 1-2,0.4008132831117012,0.5804841527327177,0.4201412376206264,0.5091090591464936
cleanliness,rating,SVM counts 2-3,0.3668958715082244,0.5570252058896931,0.3708241793134415,0.558522585475418
cleanliness,rating,SVM TF-IDF 1-2,0.4216886651389,0.6064387322186174,0.44070465429540995,0.47566758173196905
cleanliness,rating,Ridge regression TF-IDF,0.2679232262479729,0.5103568754679311,0.26137034931981123,0.5982150132927541
cleanliness,rating,Majority baseline,0.14150453955901426,0.564012977289743,0.14424764640178714,0.7149987521836786
sleep_quality,polarity,Naive Bayes counts 1-2,0.5893788313290245,0.79460943349139,0.5991386317105987,
sleep_quality,polarity,SVM counts 1-2,0.5701547743743609,0.7943598702271025,0.576773063135162,
sleep_quality,polarity,SVM counts 2-3,0.5509467320715876,0.7868729722984776,0.5416069765947368,
sleep_quality,polarity,SVM TF-IDF 1-2,0.5865077697080721,0.8160718742201148,0.5980145706881642,
sleep_quality,polarity,Majority baseline,0.29281560682798724,0.7811330172198653,0.2923730792583252,
sleep_quality,rating,Naive Bayes counts 1-2,0.4172208465381891,0.5507861242825056,0.41898768636240363,0.5617669079111555
sleep_quality,rating,SVM counts 1-2,0.3815515042277647,0.5103568754679311,0.3838232463336122,0.6219116546044422
sleep_quality,rating,SVM counts 2-3,0.35577612751689947,0.4968804591964063,0.3527054378287087,0.675068629897679
sleep_quality,rating,SVM TF-IDF 1-2,0.40579392164714134,0.5410531569752932,0.4195534159211293,0.5759920139755428
sleep_quality,rating,Ridge regression TF-IDF,0.26181184668989543,0.4564512103818318,0.25986879874431634,0.6618144644852602
sleep_quality,rating,Majority baseline,0.13153729584105067,0.49962565510356877,0.13326676651689134,0.8522585475418019
